{
  "config": {
    "n_classes": 10,
    "n_samples": 500
  },
  "mi_per_pca_dim_bits": {
    "2": 1.3825296281540855,
    "4": 2.039730501019341,
    "8": 3.489320529772078,
    "16": 5.62085682642463,
    "32": 9.124133380746276,
    "64": 14.70873631039074,
    "128": 24.447908787200927,
    "384": 150.73986727064224
  },
  "holevo_cap_4qubit_bits": 4.0,
  "bound_vqc_4qubit": 0.9109765708211957,
  "c1_empirical_acc": {
    "stratified": 0.11800000000000001,
    "logreg": 0.546,
    "logreg_pca": 0.364,
    "mlp": 0.546,
    "torch_vqc": 0.246
  }
}